,Year,Season,Conc
0,1950,DJF,311.63
1,1950,JJA,311.37
2,1950,MAM,312.05
3,1950,SON,307.99
4,1951,DJF,311.63
5,1951,JJA,311.95
6,1951,MAM,312.65
7,1951,SON,308.61
8,1952,DJF,312.12
9,1952,JJA,312.53
10,1952,MAM,313.26
11,1952,SON,309.24
12,1953,DJF,312.62
13,1953,JJA,313.11
14,1953,MAM,313.86
15,1953,SON,309.86
16,1954,DJF,313.11
17,1954,JJA,313.69
18,1954,MAM,314.47
19,1954,SON,310.49
20,1955,DJF,313.6
21,1955,JJA,314.27
22,1955,MAM,315.07
23,1955,SON,311.11
24,1956,DJF,314.1
25,1956,JJA,314.85
26,1956,MAM,315.68
27,1956,SON,311.74
28,1957,DJF,314.59
29,1957,JJA,315.43
30,1957,MAM,316.28
31,1957,SON,312.36
32,1958,DJF,315.09
33,1958,DJF,316.88666666666666
34,1958,JJA,312.9866666666667
35,1958,MAM,316.01
36,1959,DJF,317.55333333333334
37,1959,JJA,313.99333333333334
38,1959,MAM,316.49666666666667
39,1959,SON,315.57666666666665
40,1960,DJF,318.8833333333333
41,1960,JJA,314.3333333333333
42,1960,MAM,317.89
43,1960,SON,316.33
44,1961,DJF,319.53333333333336
45,1961,JJA,315.4666666666667
46,1961,MAM,318.37666666666667
47,1961,SON,316.9266666666667
48,1962,DJF,320.42333333333335
49,1962,JJA,316.12
50,1962,MAM,319.21
51,1962,SON,317.8333333333333
52,1963,DJF,321.16333333333336
53,1963,JJA,316.42333333333335
54,1963,MAM,319.66333333333336
55,1963,SON,318.50333333333333
56,1964,DJF,321.6133333333333
57,1964,JJA,317.0833333333333
58,1964,MAM,320.34
59,1964,SON,319.31
60,1965,DJF,321.73333333333335
61,1965,JJA,317.99333333333334
62,1965,MAM,320.65000000000003
63,1965,SON,319.53
64,1966,DJF,323.39
65,1966,JJA,318.84
66,1966,MAM,322.16333333333336
67,1966,SON,320.5466666666667
68,1967,DJF,324.15333333333336
69,1967,JJA,319.79
70,1967,MAM,322.51666666666665
71,1967,SON,321.9533333333333
72,1968,DJF,324.82666666666665
73,1968,JJA,320.6333333333333
74,1968,MAM,323.87
75,1968,SON,322.56
76,1969,DJF,326.5566666666667
77,1969,JJA,322.34
78,1969,MAM,325.4166666666667
79,1969,SON,323.77
80,1970,DJF,327.7133333333333
81,1970,JJA,323.39000000000004
82,1970,MAM,326.23333333333335
83,1970,SON,325.05333333333334
84,1971,DJF,327.96333333333337
85,1971,JJA,323.9066666666667
86,1971,MAM,327.12
87,1971,SON,325.99333333333334
88,1972,DJF,329.18
89,1972,JJA,325.5133333333333
90,1972,MAM,327.81666666666666
91,1972,SON,326.80333333333334
92,1973,DJF,331.4266666666667
93,1973,JJA,327.6166666666667
94,1973,MAM,330.75
95,1973,SON,328.55333333333334
96,1974,DJF,332.43666666666667
97,1974,JJA,327.64
98,1974,MAM,330.8066666666667
99,1974,SON,329.56666666666666
100,1975,DJF,333.0
101,1975,JJA,328.74666666666667
102,1975,MAM,331.78000000000003
103,1975,SON,330.59
104,1976,DJF,334.27333333333337
105,1976,JJA,329.28000000000003
106,1976,MAM,332.58
107,1976,SON,331.69
108,1977,DJF,336.01
109,1977,JJA,331.6766666666667
110,1977,MAM,334.54
111,1977,SON,332.49
112,1978,DJF,337.45666666666665
113,1978,JJA,332.8566666666666
114,1978,MAM,336.31
115,1978,SON,334.59999999999997
116,1979,DJF,338.77666666666664
117,1979,JJA,334.51
118,1979,MAM,337.50666666666666
119,1979,SON,335.91333333333336
120,1980,DJF,340.81666666666666
121,1980,JJA,336.56333333333333
122,1980,MAM,339.49333333333334
123,1980,SON,337.68333333333334
124,1981,DJF,342.42333333333335
125,1981,JJA,337.52666666666664
126,1981,MAM,340.61333333333334
127,1981,SON,339.3766666666667
128,1982,DJF,343.83666666666664
129,1982,JJA,338.74333333333334
130,1982,MAM,342.18
131,1982,SON,340.8666666666667
132,1983,DJF,344.9666666666667
133,1983,JJA,340.9266666666667
134,1983,MAM,344.19666666666666
135,1983,SON,341.7133333333333
136,1984,DJF,346.94666666666666
137,1984,JJA,342.25333333333333
138,1984,MAM,345.56333333333333
139,1984,SON,344.10999999999996
140,1985,DJF,348.6166666666666
141,1985,JJA,343.8500000000001
142,1985,MAM,346.93666666666667
143,1985,SON,345.63000000000005
144,1986,DJF,349.54333333333335
145,1986,JJA,345.50666666666666
146,1986,MAM,348.1333333333334
147,1986,SON,346.79333333333335
148,1987,DJF,351.11999999999995
149,1987,JJA,347.15333333333336
150,1987,MAM,349.99666666666667
151,1987,SON,348.3766666666667
152,1988,DJF,353.50666666666666
153,1988,JJA,349.58666666666664
154,1988,MAM,352.39000000000004
155,1988,SON,350.49666666666667
156,1989,DJF,355.25
157,1989,JJA,350.6566666666667
158,1989,MAM,353.77666666666664
159,1989,SON,352.70666666666665
160,1990,DJF,356.50333333333333
161,1990,JJA,352.07
162,1990,MAM,354.78
163,1990,SON,353.9566666666667
164,1991,DJF,358.4433333333333
165,1991,JJA,352.8866666666666
166,1991,MAM,356.1666666666667
167,1991,SON,355.05333333333334
168,1992,DJF,358.9666666666667
169,1992,JJA,353.6133333333334
170,1992,MAM,357.1933333333333
171,1992,SON,356.25333333333333
172,1993,DJF,359.4266666666667
173,1993,JJA,354.6333333333334
174,1993,MAM,357.6166666666666
175,1993,SON,356.73333333333335
176,1994,DJF,361.0833333333333
177,1994,JJA,356.5733333333333
178,1994,MAM,359.34666666666664
179,1994,SON,358.1433333333334
180,1995,DJF,363.0833333333333
181,1995,JJA,358.69
182,1995,MAM,361.48
183,1995,SON,360.0466666666667
184,1996,DJF,364.74
185,1996,JJA,360.15000000000003
186,1996,MAM,363.43333333333334
187,1996,SON,362.1266666666667
188,1997,DJF,365.9666666666667
189,1997,JJA,361.3566666666666
190,1997,MAM,364.19666666666666
191,1997,SON,363.28
192,1998,DJF,368.57
193,1998,JJA,364.79
194,1998,MAM,367.7366666666667
195,1998,SON,365.3333333333333
196,1999,DJF,370.7033333333333
197,1999,JJA,365.7833333333333
198,1999,MAM,369.04333333333335
199,1999,SON,368.31
200,2000,DJF,371.49333333333334
201,2000,JJA,367.61999999999995
202,2000,MAM,370.0533333333333
203,2000,SON,369.14000000000004
204,2001,DJF,373.40333333333336
205,2001,JJA,368.9633333333333
206,2001,MAM,371.61999999999995
207,2001,SON,370.76
208,2002,DJF,375.14000000000004
209,2002,JJA,371.35999999999996
210,2002,MAM,373.96000000000004
211,2002,SON,372.49666666666667
212,2003,DJF,377.78
213,2003,JJA,373.83
214,2003,MAM,376.6366666666666
215,2003,SON,374.95666666666665
216,2004,DJF,380.1333333333334
217,2004,JJA,375.12999999999994
218,2004,MAM,377.8966666666667
219,2004,SON,377.13000000000005
220,2005,DJF,382.0233333333333
221,2005,JJA,377.53999999999996
222,2005,MAM,380.75333333333333
223,2005,SON,378.74
224,2006,DJF,384.29333333333335
225,2006,JJA,379.5733333333333
226,2006,MAM,382.49666666666667
227,2006,SON,381.43
228,2007,DJF,386.1066666666666
229,2007,JJA,381.75666666666666
230,2007,MAM,384.43333333333334
231,2007,SON,383.08
232,2008,DJF,387.46666666666664
233,2008,JJA,383.6766666666667
234,2008,MAM,386.3066666666667
235,2008,SON,385.3433333333333
236,2009,DJF,389.72
237,2009,JJA,385.2733333333333
238,2009,MAM,388.07666666666665
239,2009,SON,386.8866666666667
240,2010,DJF,392.4166666666667
241,2010,JJA,387.77666666666664
242,2010,MAM,390.4433333333333
243,2010,SON,388.98333333333335
244,2011,DJF,393.55
245,2011,JJA,389.65000000000003
246,2011,MAM,392.3333333333333
247,2011,SON,391.18
248,2012,DJF,395.9666666666667
249,2012,JJA,391.93
250,2012,MAM,394.3533333333333
251,2012,SON,393.1366666666667
252,2013,DJF,398.7733333333333
253,2013,JJA,394.32666666666665
254,2013,MAM,397.2366666666667
255,2013,SON,395.7933333333333
256,2014,DJF,401.1266666666667
257,2014,JJA,396.3666666666666
258,2014,MAM,399.29333333333335
259,2014,SON,397.78
260,2015,DJF,403.07666666666665
261,2015,JJA,398.85999999999996
262,2015,MAM,401.18
263,2015,SON,399.93666666666667
264,2016,DJF,406.8533333333333
265,2016,JJA,402.24666666666667
266,2016,MAM,404.6766666666667
267,2016,SON,403.0133333333333
268,2017,DJF,408.8833333333334
269,2017,JJA,404.23333333333335
270,2017,MAM,407.24333333333334
271,2017,SON,405.8866666666667
272,2018,DJF,410.49333333333334
273,2018,JJA,406.7033333333333
274,2018,MAM,409.01666666666665
275,2018,SON,407.89000000000004
276,2019,DJF,413.52666666666664
277,2019,JJA,409.3233333333333
278,2019,MAM,412.0933333333333
279,2019,SON,410.75333333333333
280,2020,DJF,416.1366666666666
281,2020,JJA,412.02333333333337
282,2020,MAM,414.6366666666666
283,2020,SON,413.29333333333335
284,2021,DJF,418.57
285,2021,JJA,414.04333333333335
286,2021,MAM,416.74666666666667
287,2021,SON,415.48
288,2022,DJF,419.97333333333336
289,2022,JJA,416.3733333333334
290,2022,MAM,418.98
291,2022,SON,418.0133333333333
292,2023,SON,419.59
